Customer_Segment,Organization_Type,Typical_Size,Primary_Use_Cases,Budget_Range,Decision_Makers,Implementation_Timeline,Key_Requirements
Federal Agencies,Government,1000-50000,"Mass Communications, Emergency Alerts, Public Information",High,"CIO, Communications Director, IT Manager","6-12 months","Security Clearance, FedRAMP Compliance, Multi-language Support"
State Government,Government,500-10000,"Legislative Communications, Public Engagement, Emergency Management",Medium-High,"Governor's Office, Legislative Staff, Emergency Management","3-9 months","Scalability, Integration with Existing Systems, Mobile Accessibility"
County Government,Government,100-2000,"Public Notifications, Meeting Management, Records Management",Medium,"County Administrator, IT Director, Clerk's Office","2-6 months","Budget Constraints, User-friendly Interface, Local Compliance"
Municipal Government,Government,50-500,"Community Engagement, Local News, Event Notifications",Low-Medium,"Mayor's Office, City Manager, Communications Staff","1-4 months","Easy Implementation, Cost-effective, Basic Features"
School Districts,Education,500-50000,"Parent Communications, Emergency Alerts, Administrative Notices",Medium,"Superintendent, IT Director, Communications Manager","2-6 months","Student Privacy (FERPA), Multi-language, Mobile-first Design"
Higher Education,Education,5000-100000,"Campus Communications, Emergency Alerts, Alumni Engagement",Medium-High,"President's Office, IT Services, Student Affairs","3-9 months","Integration with Student Systems, Accessibility, Large-scale Distribution"
Healthcare Systems,Healthcare,1000-25000,"Patient Communications, Emergency Notifications, Staff Updates",High,"Chief Medical Officer, IT Director, Communications Manager","6-12 months","HIPAA Compliance, High Reliability, Integration with EHR Systems"
Public Utilities,Utilities,200-5000,"Service Alerts, Outage Notifications, Customer Communications",Medium,"Operations Manager, Customer Service Director, IT Manager","3-6 months","Real-time Notifications, GIS Integration, Reliability"
Transit Authorities,Transportation,500-10000,"Service Alerts, Schedule Updates, Emergency Communications",Medium,"Operations Director, Communications Manager, IT Staff","2-6 months","Real-time Data Integration, Multi-modal Communications, Accessibility"
Emergency Services,Public Safety,100-1000,"Emergency Alerts, Public Safety Communications, Coordination",High,"Emergency Manager, Fire Chief, Police Chief","1-3 months","Speed of Deployment, Reliability, Multi-channel Distribution"
Non-profit Organizations,Non-profit,50-2000,"Donor Communications, Event Notifications, Volunteer Coordination",Low,"Executive Director, Development Manager, Communications Staff","1-3 months","Cost-effectiveness, Ease of Use, Donor Management Integration"
Public Libraries,Education,20-500,"Program Announcements, Community Events, Service Updates",Low,"Library Director, IT Coordinator, Programming Staff","1-2 months","Budget Constraints, Community Focus, Easy Content Management"
Parks & Recreation,Government,50-1000,"Program Registration, Event Notifications, Facility Updates",Low-Medium,"Parks Director, Recreation Manager, Communications Staff","1-4 months","Seasonal Communications, Registration Integration, Mobile Accessibility"
Housing Authorities,Government,100-5000,"Resident Communications, Maintenance Alerts, Program Information",Medium,"Executive Director, IT Manager, Resident Services","2-4 months","Multi-language Support, Accessibility, Integration with Property Management"
Regional Planning,Government,50-500,"Public Engagement, Planning Notifications, Meeting Management",Medium,"Planning Director, GIS Manager, Public Engagement Specialist","2-6 months","GIS Integration, Public Participation Tools, Document Management"
